<?xml version="1.0" encoding="UTF-8"?>
<beans:beans xmlns="http://www.springframework.org/schema/mvc"
	xmlns:xsi="http://www.w3.org/2001/XMLSchema-instance" xmlns:beans="http://www.springframework.org/schema/beans"
	xmlns:context="http://www.springframework.org/schema/context"
	xmlns:p="http://www.springframework.org/schema/p"
	xsi:schemaLocation="http://www.springframework.org/schema/mvc http://www.springframework.org/schema/mvc/spring-mvc.xsd
		http://www.springframework.org/schema/beans http://www.springframework.org/schema/beans/spring-beans.xsd
		http://www.springframework.org/schema/context http://www.springframework.org/schema/context/spring-context.xsd">

	<!-- DispatcherServlet Context: defines this servlet's request-processing 
		infrastructure -->

	<!-- Enables the Spring MVC @Controller programming model -->
	<annotation-driven />

	<!-- Handles HTTP GET requests for /resources/** by efficiently serving 
		up static resources in the ${webappRoot}/resources directory -->
	<resources mapping="/resources/**" location="/resources/" />

	<!--  Tiles2 설정 -->
	<beans:bean class="org.springframework.web.servlet.view.UrlBasedViewResolver">
	    <beans:property name="viewClass" value="org.springframework.web.servlet.view.tiles3.TilesView"/>
	    <beans:property name="order" value="1" />
	</beans:bean>
	 
	<beans:bean id="tilesConfigurer" class="org.springframework.web.servlet.view.tiles3.TilesConfigurer">
	    <beans:property name="definitions">
	        <beans:value>/WEB-INF/tiles-defs/templates.xml</beans:value>
	    </beans:property>
	</beans:bean>

	
	<!-- Resolves views selected for rendering by @Controllers to .jsp resources 
		in the /WEB-INF/views directory -->
	<beans:bean
		class="org.springframework.web.servlet.view.InternalResourceViewResolver">
		<beans:property name="prefix" value="/WEB-INF/views/" />
		<beans:property name="suffix" value=".jsp" />
<!-- 		<beans:property name="order" value = "2"/> -->
	</beans:bean>
 
	<context:component-scan base-package="com.ywcar.controller" />
	<context:component-scan base-package="com.ywcar.dao" />
	<context:component-scan base-package="com.ywcar.service" />
	<context:component-scan base-package="com.ywcar.vo" />
	<context:component-scan base-package="com.ywcar.util"/>
<!-- 	<context:component-scan base-package="com.ywcar.exception"/> -->
	
	<context:component-scan base-package="com.spring.web" />
	<beans:bean id="dataSource" class="org.apache.commons.dbcp.BasicDataSource"
		destroy-method="close">
		<beans:property name="driverClassName" value="com.mysql.jdbc.Driver" />
<!-- 		<beans:property name="url" -->
<!-- 			value="jdbc:mysql://localhost:3306/pythondb" /> -->
<!-- 		<beans:property name="username" value="leejh" /> -->
<!-- 		<beans:property name="password" value="leejh" /> -->
		<beans:property name="url"
			value="jdbc:mysql://localhost:3306/warnymic01" />
		<beans:property name="username" value="warnymic01" />
		<beans:property name="password" value="gundam0078" />
	</beans:bean>

	<beans:bean id="jsonView" class="net.sf.json.spring.web.servlet.view.JsonView">
		<beans:property name="contentType" value="application/json;charset=UTF-8"></beans:property>
	</beans:bean>
		<beans:bean id="beanNameResolver"
			class="org.springframework.web.servlet.view.BeanNameViewResolver" p:order = "0"/>
	
	<beans:bean id="sqlMapClient"
		class="org.springframework.orm.ibatis.SqlMapClientFactoryBean">
		<beans:property name="configLocation"
			value="classpath:/sqlmap/sql-map-config.xml" />
		<beans:property name="dataSource" ref="dataSource" />
	</beans:bean>

	<beans:bean
		class="org.springframework.web.servlet.mvc.annotation.AnnotationMethodHandlerAdapter">
		<beans:property name="messageConverters">
			<beans:list>
				<beans:ref bean="jsonConverter" />
				<!-- <ref bean="marshallingConverter" /> <ref bean="atomConverter" /> -->
			</beans:list>
		</beans:property>
	</beans:bean>
	<beans:bean id="jsonConverter"
		class="org.springframework.http.converter.json.MappingJacksonHttpMessageConverter">
		<beans:property name="supportedMediaTypes" value="application/json" />
	</beans:bean>

	<beans:bean class="org.springframework.web.servlet.handler.SimpleMappingExceptionResolver">
		<beans:property name="exceptionMappings">
			<beans:props>
				<beans:prop key= "java.lang.Exception">error/error</beans:prop>
			</beans:props>
		</beans:property>
	</beans:bean>
</beans:beans>
